{
  "basic":{
    "name": "seele node2",
    "version": "1.0",
    "dataDir": "node2",
    "address": "0.0.0.0:8028",
    "coinbase": "0x09150a8815fb30dec5fe652347c20aaa19254a91",
    "algorithm": "spow"
  },
  "p2p": {
    "address": "0.0.0.0:8058",
    "privateKey": "0x16f2ed908bcd0bb41aed464f5e98cf077f4ba50b4c1503ef1c412fc9e421f99c",
    "staticNodes": [
      "107.150.105.10:8058", "106.75.90.237:8058", "104.218.164.169:8057", "106.75.85.9:8057","107.150.96.231:8057",
      "107.150.103.125:8059", "117.50.11.129:8059", "104.218.164.124:8059",
      "104.218.164.181:8056", "104.218.164.193:8056"
    ],
    "networkID": "seele"
  },
  "log": {
    "isDebug": false,
    "printLog": true
  },
  "httpServer": {
    "address": "0.0.0.0:8038",
    "crossorigins": [
      "*"
    ],
    "whiteHost": [
      "*"
    ]
  },
  "wsserver": {
    "address": "0.0.0.0:8048",
    "crossorigins": [
      "*"
    ]
  },
  "ipcconfig": {
    "name": "seele2.ipc"
  },
  "metrics": {
    "address": "0.0.0.0:8087",
    "duration": 10,
    "database": "influxdb",
    "username": "test",
    "password": "test123"
  },
  "genesis": {
    "difficult":5200000,
    "shard":2,
    "timestamp":1554099618
  }
}
