{
  "basic":{
    "name": "seele node1",
    "version": "1.0",
    "dataDir": "node1",
    "address": "0.0.0.0:8027",
    "coinbase": "0xcee66ad4a1909f6b5170dec230c1a69bfc2b21d1",
    "algorithm": "spow"
  },
  "p2p": {
    "privateKey": "0xf65e40c6809643b25ce4df33153da2f3338876f181f83d2281c6ac4a987b1479",
    "staticNodes": ["104.218.164.169:8057", "106.75.85.9:8057","107.150.96.231:8057",
      "107.150.105.10:8058", "106.75.90.237:8058","107.150.103.125:8059", "117.50.11.129:8059", "104.218.164.124:8059",
      "104.218.164.181:8056", "104.218.164.193:8056"],
    "address": "0.0.0.0:8057",
    "networkID": "seele"
  },
  "log": {
    "isDebug": false,
    "printLog": true
  },
  "httpServer": {
    "address": "0.0.0.0:8037",
    "crossorigins": [
      "*"
    ],
    "whiteHost": [
      "*"
    ]
  },
  "wsserver": {
    "address": "0.0.0.0:8047",
    "crossorigins": [
      "*"
    ]
  },
  "ipcconfig": {
    "name": "seele1.ipc"
  },
  "metrics": {
    "address": "0.0.0.0:8087",
    "duration": 10,
    "database": "influxdb",
    "username": "test",
    "password": "test123"
  },
  "genesis": {
    "difficult":5200000,
    "shard":1,
    "timestamp":1554099618
  }
}
